{
	"ImportPath": "github.com/wandoulabs/codis",
	"GoVersion": "go1.4.2",
	"Packages": [
		"./..."
	],
	"Deps": [
		{
			"ImportPath": "github.com/alicebob/miniredis",
			"Rev": "369a529586baa6b4da7675162a4eb066d4babfe3"
		},
		{
			"ImportPath": "github.com/bsm/redeo",
			"Rev": "436f4440f2ee191b0bfbdf9d12894fe0f1eedd9b"
		},
		{
			"ImportPath": "github.com/c4pt0r/cfg",
			"Rev": "429e6985f0b07bceaa33b57ee612fbca4797a9a6"
		},
		{
			"ImportPath": "github.com/codegangsta/inject",
			"Comment": "v1.0-rc1-10-g33e0aa1",
			"Rev": "33e0aa1cb7c019ccc3fbe049a8262a6403d30504"
		},
		{
			"ImportPath": "github.com/codegangsta/martini",
			"Comment": "v1.0-121-gd460785",
			"Rev": "d46078590564902aecd957f2034647a5786d0155"
		},
		{
			"ImportPath": "github.com/codegangsta/martini-contrib/binding",
			"Comment": "v0.1-159-g8ce6181",
			"Rev": "8ce6181c2609699e4c7cd30994b76a850a9cdadc"
		},
		{
			"ImportPath": "github.com/codegangsta/martini-contrib/render",
			"Comment": "v0.1-159-g8ce6181",
			"Rev": "8ce6181c2609699e4c7cd30994b76a850a9cdadc"
		},
		{
			"ImportPath": "github.com/coreos/etcd/error",
			"Comment": "v2.0.4-421-g90a7978",
			"Rev": "90a7978474f6b45a0cb8f17cfa05b9944acc4bcd"
		},
		{
			"ImportPath": "github.com/coreos/go-etcd/etcd",
			"Comment": "v2.0.0-3-g0424b5f",
			"Rev": "0424b5f86ef0ca57a5309c599f74bbb3e97ecd9d"
		},
		{
			"ImportPath": "github.com/docopt/docopt-go",
			"Comment": "0.6.1-5-g854c423",
			"Rev": "854c423c810880e30b9fecdabb12d54f4a92f9bb"
		},
		{
			"ImportPath": "github.com/garyburd/redigo/internal",
			"Rev": "535138d7bcd717d6531c701ef5933d98b1866257"
		},
		{
			"ImportPath": "github.com/garyburd/redigo/redis",
			"Rev": "535138d7bcd717d6531c701ef5933d98b1866257"
		},
		{
			"ImportPath": "github.com/go-martini/martini",
			"Comment": "v1.0-121-gd460785",
			"Rev": "d46078590564902aecd957f2034647a5786d0155"
		},
		{
			"ImportPath": "github.com/juju/errors",
			"Rev": "4567a5e69fd3130ca0d89f69478e7ac025b67452"
		},
		{
			"ImportPath": "github.com/martini-contrib/cors",
			"Rev": "553b9208d353a39b0850c02355f478ba020c86d7"
		},
		{
			"ImportPath": "github.com/ngaut/deadline",
			"Rev": "fae8f9dfd7048de16575b9d4c255278e38c28a4f"
		},
		{
			"ImportPath": "github.com/ngaut/go-zookeeper/zk",
			"Rev": "1599cf098337e4fb38d4b3f9aafbf95bd6ddfda7"
		},
		{
			"ImportPath": "github.com/ngaut/gostats",
			"Rev": "faefc939c0359a8930e92767bfa425546a38f69a"
		},
		{
			"ImportPath": "github.com/ngaut/logging",
			"Rev": "f98f5f4cd523647678af6f1726c5b5a14c9193d0"
		},
		{
			"ImportPath": "github.com/ngaut/pools",
			"Rev": "6352e005618615ffaf1cb1c6622b8e91435751fe"
		},
		{
			"ImportPath": "github.com/ngaut/resp",
			"Rev": "ff222cdd80bd7c6d1e05539ffe90000288c70678"
		},
		{
			"ImportPath": "github.com/ngaut/sync2",
			"Rev": "7a24ed77b2efb460c1468b7dc917821c66e80e55"
		},
		{
			"ImportPath": "github.com/ngaut/zkhelper",
			"Rev": "3a524319d1767ebfe58237e0ab6b763df986941f"
		},
		{
			"ImportPath": "github.com/nu7hatch/gouuid",
			"Rev": "179d4d0c4d8d407a32af483c2354df1d2c91e6c3"
		}
	]
}
